dataset,order_id,customer_id,amount,updated_at,event_id,batch_no,run_id
source,1,101,1.01,2026-01-01T07:00:00+00:00,1,1,run-1
source,2,102,2.01,2026-01-01T07:00:00+00:00,2,1,run-1
source,3,103,3.01,2026-01-02T07:00:00+00:00,3,1,run-1
source,4,104,4.01,2026-01-02T07:00:00+00:00,4,1,run-1
source,1,101,9.99,2026-01-01T07:00:00+00:00,9,2,run-1
source,2,102,7.77,2026-01-03T12:00:00+00:00,10,2,run-1
source,3,103,8.88,2026-01-03T12:00:01+00:00,11,3,run-1
bronze,1,101,1.01,2026-01-01T07:00:00+00:00,1,1,run-1
bronze,2,102,2.01,2026-01-01T07:00:00+00:00,2,1,run-1
bronze,3,103,3.01,2026-01-02T07:00:00+00:00,3,1,run-1
bronze,4,104,4.01,2026-01-02T07:00:00+00:00,4,1,run-1
silver,1,101,1.01,2026-01-01T07:00:00+00:00,1,1,run-1
silver,2,102,2.01,2026-01-01T07:00:00+00:00,2,1,run-1
silver,3,103,3.01,2026-01-02T07:00:00+00:00,3,1,run-1
silver,4,104,4.01,2026-01-02T07:00:00+00:00,4,1,run-1
target,1,101,1.01,2026-01-01T07:00:00+00:00,1,1,run-1
target,2,102,2.01,2026-01-01T07:00:00+00:00,2,1,run-1
target,3,103,3.01,2026-01-02T07:00:00+00:00,3,1,run-1
target,4,104,4.01,2026-01-02T07:00:00+00:00,4,1,run-1
